{"name":"7b8cb710-54d8-4ec4-b22b-3fa56d278b4f","id":"/providers/Microsoft.Flow/flows/7b8cb710-54d8-4ec4-b22b-3fa56d278b4f","type":"Microsoft.Flow/flows","properties":{"apiId":"/providers/Microsoft.PowerApps/apis/shared_logicflows","displayName":"ManageApprovals(Child)","definition":{"metadata":{"workflowEntityId":null,"processAdvisorMetadata":null,"flowChargedByPaygo":null,"flowclientsuspensionreason":"None","flowclientsuspensiontime":null,"flowclientsuspensionreasondetails":null,"creator":{"id":"3b42917c-75ec-4bae-a697-f8ec97e72a43","type":"User","tenantId":"f61b05ce-8e35-4729-83a6-575de750f290"},"provisioningMethod":"FromDefinition","failureAlertSubscription":true,"clientLastModifiedTime":"2024-06-15T09:58:35.0172717Z","connectionKeySavedTimeKey":"2024-06-15T09:56:53.5760806Z"},"$schema":"https://schema.management.azure.com/providers/Microsoft.Logic/schemas/2016-06-01/workflowdefinition.json#","contentVersion":"1.0.0.0","parameters":{"$connections":{"defaultValue":{},"type":"Object"},"$authentication":{"defaultValue":{},"type":"SecureObject"}},"triggers":{"manual":{"metadata":{"operationMetadataId":"95ccb57c-dc6b-4fc5-828c-59ef29f345b0"},"type":"Request","kind":"PowerAppV2","inputs":{"schema":{"type":"object","properties":{"text":{"title":"ActionType","type":"string","x-ms-dynamically-added":true,"description":"Please enter your input","x-ms-content-hint":"TEXT"},"text_1":{"title":"ApprovalID","type":"string","x-ms-dynamically-added":true,"description":"Please enter your input","x-ms-content-hint":"TEXT"}},"required":["text","text_1"]}},"description":"ApprovalID-The unique ID of the approval. I typically use the “Create an approval” action followed by the “Wait for an approval”. This allows to capture the Approval ID which can then be saved and used later in the process."}},"actions":{"Scope-ApprovalActions":{"actions":{"Get_a_row_by_ID-Approval":{"runAfter":{},"metadata":{"operationMetadataId":"d345c24d-a2f6-47b3-8ecd-83bcc505672d"},"type":"OpenApiConnection","inputs":{"host":{"apiId":"/providers/Microsoft.PowerApps/apis/shared_commondataserviceforapps","connectionName":"shared_commondataserviceforapps_1","operationId":"GetItem"},"parameters":{"entityName":"msdyn_flow_approvals","recordId":"@triggerBody()['text_1']"},"authentication":"@parameters('$authentication')"}},"Get_a_row_by_ID-FlowApproval":{"runAfter":{"Get_a_row_by_ID-Approval":["Succeeded"]},"metadata":{"operationMetadataId":"480428b0-d948-4532-bc6f-c9d0a6bf8d74"},"type":"OpenApiConnection","inputs":{"host":{"apiId":"/providers/Microsoft.PowerApps/apis/shared_commondataserviceforapps","connectionName":"shared_commondataserviceforapps_1","operationId":"GetItem"},"parameters":{"entityName":"msdyn_flow_flowapprovals","recordId":"@triggerBody()['text_1']"},"authentication":"@parameters('$authentication')"}},"List_rows-GetFlowURI":{"runAfter":{"Get_a_row_by_ID-FlowApproval":["Succeeded"]},"metadata":{"operationMetadataId":"7f6e8095-bf74-412e-8dba-eed82950a250"},"type":"OpenApiConnection","inputs":{"host":{"apiId":"/providers/Microsoft.PowerApps/apis/shared_commondataserviceforapps","connectionName":"shared_commondataserviceforapps_1","operationId":"ListRecords"},"parameters":{"entityName":"msdyn_flow_flowapprovals","$select":"msdyn_flow_flowapproval_flownotificationuri","$filter":"msdyn_flow_flowapproval_flowrunsequenceid eq '@{outputs('Get_a_row_by_ID-FlowApproval')?['body/msdyn_flow_flowapproval_flowrunsequenceid']}'  and  msdyn_flow_flowapproval_flownotificationuri ne null"},"authentication":"@parameters('$authentication')"}},"Compose-FlowURI":{"runAfter":{"List_rows-GetFlowURI":["Succeeded"]},"metadata":{"operationMetadataId":"32a2453b-bd0d-47e9-b610-658b8ed81b96"},"type":"Compose","inputs":"@outputs('List_rows-GetFlowURI')?['body/value']?[0]?['msdyn_flow_flowapproval_flownotificationuri']"},"Update_a_row":{"runAfter":{"Compose-FlowURI":["Succeeded"]},"metadata":{"operationMetadataId":"2a049bea-8294-43b5-8e4d-7deb573158a7"},"type":"OpenApiConnection","inputs":{"host":{"apiId":"/providers/Microsoft.PowerApps/apis/shared_commondataserviceforapps","connectionName":"shared_commondataserviceforapps_1","operationId":"UpdateRecord"},"parameters":{"entityName":"msdyn_flow_approvals","recordId":"@triggerBody()['text_1']","item/msdyn_flow_approval_stage":192351000,"item/statuscode":192350004,"item/msdyn_flow_approval_result":"Approve","item/statecode":1},"authentication":"@parameters('$authentication')"}},"HTTP-Call_Flow_URI":{"runAfter":{"Update_a_row":["Succeeded"]},"metadata":{"operationMetadataId":"b5ae8325-5154-40c7-82fe-083e8b6e6c49"},"type":"Http","inputs":{"method":"POST","uri":"@{outputs('Compose-FlowURI')}","headers":{"Content-Type":"application/json"},"body":{"responses":[{"responder":{"id":"@{variables('varSystemUserID')}","displayName":"sysuser","email":"sysuser@abc.com","tenantId":"xxxxxxx","userPrincipalName":"sysuser@abc.com"},"requestDate":"@{outputs('Update_a_row')?['body/createdon']}","responseDate":"@{utcNow()}","approverResponse":"@{triggerBody()['text']}","comments":"Updated by custom code"}],"responseSummary":"Updated by custom code","completionDate":"@{utcNow()}","outcome":"@{triggerBody()['text']}","name":"@{outputs('Update_a_row')?['body/msdyn_flow_approvalid']}","title":"@{outputs('Update_a_row')?['body/msdyn_flow_approval_title']}","details":"@{outputs('Update_a_row')?['body/msdyn_flow_approval_details']}","requestDate":"@{outputs('Update_a_row')?['body/createdon']}","expirationDate":"9999-01-01T23:59:59Z"}}},"Respond_to_a_Power_App_or_flow":{"runAfter":{"HTTP-Call_Flow_URI":["Succeeded"]},"metadata":{"operationMetadataId":"bbc96aad-9cce-4ddf-8a10-4ad014d21276"},"type":"Response","kind":"PowerApp","inputs":{"statusCode":200,"body":{"response":"Success","responsecode":"200"},"schema":{"type":"object","properties":{"response":{"title":"Response","x-ms-dynamically-added":true,"type":"string"},"responsecode":{"title":"ResponseCode","x-ms-dynamically-added":true,"type":"string"}}}}}},"runAfter":{"Initialize_variable-SystemUserID":["Succeeded"]},"metadata":{"operationMetadataId":"499a10fe-236e-40dc-afb5-498cac5b5abc"},"type":"Scope"},"Initialize_variable-SystemUserID":{"runAfter":{},"metadata":{"operationMetadataId":"367a02fd-e95b-43d8-8e35-04c53b29e931"},"type":"InitializeVariable","inputs":{"variables":[{"name":"varSystemUserID","type":"string","value":"20609fc8-f462-4a01-8833-1e0f6dec7a4a"}]}},"Scope-ErrorInApprovalActions":{"actions":{"Respond_to_a_Power_App_or_flow_2":{"runAfter":{},"metadata":{"operationMetadataId":"db7f6ade-a158-46e5-acda-e548db82cebd"},"type":"Response","kind":"PowerApp","inputs":{"statusCode":200,"body":{"response":"Error","responsecode":"400"},"schema":{"type":"object","properties":{"response":{"title":"Response","x-ms-dynamically-added":true,"type":"string"},"responsecode":{"title":"ResponseCode","x-ms-dynamically-added":true,"type":"string"}}}}}},"runAfter":{"Scope-ApprovalActions":["Failed","Skipped","TimedOut"]},"metadata":{"operationMetadataId":"5b9e6383-6993-41f3-8b2f-506e4c20812b"},"type":"Scope"}}},"connectionReferences":{"shared_commondataserviceforapps_1":{"connectionName":"e0956ac80e0a45b298cbf396f56f48df","source":"Embedded","id":"/providers/Microsoft.PowerApps/apis/shared_commondataserviceforapps","tier":"NotSpecified"}},"flowFailureAlertSubscribed":false,"isManaged":false}}