{"name":"4ae9b77f-9539-42ef-ac2f-762e2bfd9108","id":"/providers/Microsoft.Flow/flows/4ae9b77f-9539-42ef-ac2f-762e2bfd9108","type":"Microsoft.Flow/flows","properties":{"apiId":"/providers/Microsoft.PowerApps/apis/shared_logicflows","displayName":"URLSearchParams(Child)","definition":{"metadata":{"workflowEntityId":null,"processAdvisorMetadata":null,"flowChargedByPaygo":null,"flowclientsuspensionreason":"None","flowclientsuspensiontime":null,"flowclientsuspensionreasondetails":null,"creator":{"id":"3b42917c-75ec-4bae-a697-f8ec97e72a43","type":"User","tenantId":"f61b05ce-8e35-4729-83a6-575de750f290"},"provisioningMethod":"FromDefinition","failureAlertSubscription":true,"clientLastModifiedTime":"2024-06-14T19:54:15.013069Z","connectionKeySavedTimeKey":"2024-06-14T19:54:15.013069Z"},"$schema":"https://schema.management.azure.com/providers/Microsoft.Logic/schemas/2016-06-01/workflowdefinition.json#","contentVersion":"1.0.0.0","parameters":{"$authentication":{"defaultValue":{},"type":"SecureObject"}},"triggers":{"manual":{"metadata":{"operationMetadataId":"7c451906-bd56-42a6-9010-08ae4763af68"},"type":"Request","kind":"PowerAppV2","inputs":{"schema":{"type":"object","properties":{"text":{"title":"URL","type":"string","x-ms-dynamically-added":true,"description":"Please enter your input","x-ms-content-hint":"TEXT"},"text_1":{"title":"QueryStringParam","type":"string","x-ms-dynamically-added":true,"description":"Please enter your input","x-ms-content-hint":"TEXT"}},"required":["text","text_1"]}}}},"actions":{"Scope-StringOperations":{"actions":{"Compose-GetQueryStringFromURL":{"runAfter":{},"metadata":{"operationMetadataId":"edde9d70-ea68-4c3e-9826-28132ef82876"},"type":"Compose","inputs":"@last(split(triggerBody()['text'],'?'))"},"Compose-QueystringParamsToArray":{"runAfter":{"Compose-GetQueryStringFromURL":["Succeeded"]},"metadata":{"operationMetadataId":"c9f63602-96d9-4eb0-9a8c-146c94b53178"},"type":"Compose","inputs":"@split(outputs('Compose-GetQueryStringFromURL'),'&')"},"Filter_array-QueryStrIngParam":{"runAfter":{"Compose-QueystringParamsToArray":["Succeeded"]},"metadata":{"operationMetadataId":"e224b761-4fb9-4a38-bf9a-389c4bdcbbd8"},"type":"Query","inputs":{"from":"@outputs('Compose-QueystringParamsToArray')","where":"@startsWith(item(), concat(triggerBody()['text_1'], '='))"}},"Condition-CheckIfQueryStringParamExsits":{"actions":{"Compose-GetQueryStringParamValue":{"runAfter":{},"metadata":{"operationMetadataId":"2acd3263-047c-4db4-bcd5-74b1ad36dd65"},"type":"Compose","inputs":"@last(split(first(body('Filter_array-QueryStrIngParam')),'='))"},"Respond_to_a_Power_App_or_flow_2":{"runAfter":{"Compose-GetQueryStringParamValue":["Succeeded"]},"metadata":{"operationMetadataId":"3dda7c35-1885-43c8-8b31-43856692c332"},"type":"Response","kind":"PowerApp","inputs":{"statusCode":200,"body":{"response":"@{outputs('Compose-GetQueryStringParamValue')}","responsecode":200},"schema":{"type":"object","properties":{"response":{"title":"Response","x-ms-dynamically-added":true,"type":"string"},"responsecode":{"title":"ResponseCode","x-ms-dynamically-added":true,"type":"number"}}}}}},"runAfter":{"Filter_array-QueryStrIngParam":["Succeeded"]},"else":{"actions":{"Respond_to_a_Power_App_or_flow":{"runAfter":{},"metadata":{"operationMetadataId":"eca077c1-99e5-4cd0-b6b2-ac308c0f4de6"},"type":"Response","kind":"PowerApp","inputs":{"statusCode":200,"body":{"response":"Query string parameter does not exsist","responsecode":400},"schema":{"type":"object","properties":{"response":{"title":"Response","x-ms-dynamically-added":true,"type":"string"},"responsecode":{"title":"ResponseCode","x-ms-dynamically-added":true,"type":"number"}}}}}}},"expression":{"greater":["@length(body('Filter_array-QueryStrIngParam'))",0]},"metadata":{"operationMetadataId":"e65162a5-0c6a-4c82-9d4d-9e38a0c3d764"},"type":"If"}},"runAfter":{},"metadata":{"operationMetadataId":"2f696945-167a-4c1e-b58a-8dc4b2dc2147"},"type":"Scope"},"Scope-ErrorInStringOperations":{"actions":{"Respond_to_a_Power_App_or_flow_3":{"runAfter":{},"metadata":{"operationMetadataId":"027f411c-ff00-47b1-b9b3-40d8f600335c"},"type":"Response","kind":"PowerApp","inputs":{"statusCode":200,"body":{"response":"Query string parameter does not exsist","responsecode":"Error in string operations"},"schema":{"type":"object","properties":{"response":{"title":"Response","x-ms-dynamically-added":true,"type":"string"},"responsecode":{"title":"ResponseCode","x-ms-dynamically-added":true,"type":"number"}}}}}},"runAfter":{"Scope-StringOperations":["Failed","Skipped","TimedOut"]},"metadata":{"operationMetadataId":"a6bbdfc7-0bd9-4a15-bd8f-44ff4574422b"},"type":"Scope"}}},"connectionReferences":{},"flowFailureAlertSubscribed":false,"isManaged":false}}